index,vbm
0,-4.99347124206256
1,-4.68411616163455
2,-6.80659441353372
3,-7.10458148808136
4,-5.30692347801954
5,-6.46988169180949
6,-6.53173970163962
7,-5.32825018387333
8,-6.73025846401339
9,-6.89114990275566
10,-7.38103098400234
11,-6.34913288452075
12,-5.03139899286083
13,-4.73004786444091
14,-6.32080055922208
15,-6.63797974142568
16,-5.55317099414871
17,-5.09774769281169
18,-4.52659438979836
19,-6.58921862218261
20,-5.0633829042746
21,-4.63147630742557
22,-4.15538870652414
23,-6.1229160989793
24,-4.06058697089179
25,-4.62527461418023
26,-5.70206416978725
27,-5.69593063478059
28,-5.77817833460676
29,-6.00541633056046
30,-5.12956180281335
31,-5.14538880251454
32,-4.87492331027111
33,-5.5243557640714
34,-5.3243008047286
35,-5.40197709268333
36,-3.15792549635268
37,-6.55042820556512
38,-3.1041700170152
39,-5.26200826834624
40,-4.1892665955434
41,-4.97001596061811
42,-5.59286368262121
43,-4.79141406845961
44,-4.31335001013131
45,-5.39082374749742
46,-5.60215367462228
47,-4.53779974564361
48,-5.04008145276715
49,-5.61582825460384
50,-6.47300346550938
51,-5.64201131365361
52,-4.83750250078134
53,-5.12744076480113
54,-4.96012477958997
55,-7.22143180735264
56,-6.07440212106571
57,-4.83296696031554
58,-5.46200252770464
59,-6.16457425242252
60,-6.20643572928763
61,-4.75348983147124
62,-6.96030672027212
63,-5.63940520823846
64,-5.32161061769806
65,-4.60453355246415
66,-4.72698912266323
67,-3.45352732626786
68,-5.69508179353615
69,-8.25262517060923
70,-7.94274839223992
71,-8.15595190426107
72,-10.3440342688905
73,-6.33939634306146
74,-5.17192625349079
75,-4.70510511725591
76,-5.69627768251743
77,-5.92865690032247
78,-6.2803650410956
79,-5.41641590067081
80,-6.7585659875442
81,-5.90610650363321
82,-6.09263795792606
83,-5.16795287144669
84,-5.1465568891312
85,-6.79969042383842
86,-6.2109712651047
87,-5.34163427251059
88,-4.28074810326002
89,-6.66244101110968
90,-7.08116328200616
91,-7.19266613513019
92,-7.07159617087312
93,-6.51780690131927
94,-6.64377612721656
95,-5.08671589806499
96,-7.53231220445686
97,-5.77837466162639
98,-5.46762948608172
99,-4.69512416977818
100,-5.53334697998506
101,-5.37307248194232
102,-5.23603178968308
103,-5.20462372559106
104,-5.06236843335869
105,-5.49946857479208
106,-5.41468741957915
107,-5.02018299303961
108,-5.6706704953121
109,-5.42342284042081
110,-4.9516521989577
111,-6.05156305815242
112,-5.77597162801716
113,-5.90758084144247
114,-5.42498347061136
115,-6.2952300281908
116,-6.46374293501965
117,-6.15311315975182
118,-5.78165315728694
119,-4.93740849841025
120,-7.10130999904281
121,-5.25257989916578
122,-5.04317636132514
123,-6.03513734292121
124,-5.21548370131348
125,-6.02904980662454
126,-5.98101574822302
127,-5.7641739571105
128,-6.10003830329129
129,-5.92467687435306
130,-6.10261811100021
131,-5.6137013993183
132,-5.62208848390367
133,-5.32145860070988
134,-6.55157975447709
135,-5.94299225765625
136,-5.21525881604477
137,-8.68631774523248
138,-8.17421580912425
139,-5.36847018585619
140,-4.83633754367284
141,-6.44179402809093
142,-5.63139537751269
143,-6.26885048421607
144,-6.70885129408969
145,-6.18270331396143
146,-5.74452100542794
147,-5.04244718851867
148,-8.44210955846262
149,-6.04216195348143
150,-7.11338306477748
151,-6.26681250299287
152,-5.06049692037278
153,-5.31699429182528
154,-5.71552550194702
155,-7.3487461719594
156,-6.79196551004847
157,-7.59947343838028
158,-4.49746550415282
159,-5.89056481525126
160,-7.0418688514783
161,-6.59483531317964
162,-7.75103950078385
163,-4.76116695239012
164,-6.37589386075847
165,-5.50007242496648
166,-4.85202982891593
167,-4.41849863783136
168,-5.89428482869811
169,-5.58428063093108
170,-3.75393747630259
171,-5.99233214155714
172,-5.49025246672279
173,-5.27927451279722
174,-6.24890286853243
175,-7.2786834332402
176,-6.00682200594533
177,-5.43750501969384
178,-4.78241441368331
179,-4.90526512232205
180,-4.70206568467094
181,-6.94178550858498
182,-7.29542570569973
183,-6.337447189008
184,-4.59897627972157
185,-5.08826093133739
186,-2.94169945266281
187,-5.58145995785903
188,-5.68656748901967
189,-5.71786323752642
190,-8.16252305094494
191,-6.16376276219697
192,-4.63575691683694
193,-6.01268705259421
194,-4.62884548610867
195,-5.24387678514109
196,-5.74440416594966
197,-5.92358795692447
198,-5.05696179889657
199,-6.87697788528624
200,-4.71761366828185
201,-6.28299453641499
202,-5.27444396257984
203,-5.43460350443014
204,-5.01751581616387
205,-4.46431308736388
206,-6.0043422932183
207,-4.4577752579679
208,-6.41120067495753
209,-4.78906309700963
210,-4.72359190756653
211,-4.38216211871633
212,-6.72972101807884
213,-6.48141665862852
214,-6.26940870026039
215,-6.47690271328302
216,-6.12954801727537
217,-6.11816654548642
218,-8.20714588693202
219,-6.7699884559045
220,-5.47950444575856
221,-6.03963935168517
222,-5.56572122049852
223,-5.59237860501794
224,-5.0873771543471
225,-5.91322708418682
226,-5.68058101010134
227,-5.45907635007302
228,-5.17640830090674
229,-6.10522429309875
230,-6.17070059946554
231,-6.4806016729888
232,-5.80410338214603
233,-5.91732765084354
234,-5.46720347656319
235,-3.16673087219306
236,-5.55065140524423
237,-5.45541056398753
238,-6.142969680406
239,-3.46279967204729
240,-7.10253596269281
241,-5.84533067857785
242,-6.41305902690153
243,-5.53963633791821
244,-5.62111034136232
245,-6.51175877950467
246,-7.03259119712954
247,-4.38241429282623
248,-6.84776656466515
249,-5.05328656063729
250,-5.45279542015583
251,-5.19848096813066
252,-5.75990800414001
253,-5.65560823144871
254,-7.25072503097945
255,-5.81065372869603
256,-7.88032462428428
257,-5.16240252625052
258,-5.19825414557539
259,-5.03582762411314
260,-4.31465780767322
261,-4.98551178919855
262,-4.66503455968878
263,-6.01745167438094
264,-5.55144031274299
265,-8.16074133651879
266,-6.14741234731571
267,-5.83292598399964
268,-7.80109604976041
269,-6.20530810343906
270,-6.7520317675263
271,-6.06881031640336
272,-4.75732267131659
273,-5.79152868757635
274,-4.87600509852243
275,-5.62473287778013
276,-7.77649711242017
277,-5.6042054528455
278,-5.28007363409178
279,-4.84777475343904
280,-5.67560448578546
281,-5.45638196063778
282,-5.15846254674763
283,-4.79026952771967
284,-5.6492181573789
285,-5.96391638786608
286,-5.96786833493847
287,-5.21480386978551
288,-4.3698774645119
289,-7.68205869772742
290,-7.39943769600602
291,-7.40278233723589
292,-4.98547536636858
293,-5.25399317960838
294,-8.21527679290483
295,-4.59849844138582
296,-4.6837830304148
297,-6.74357285047288
298,-6.2146973662002
299,-6.4490199446127
300,-5.59964152024946
301,-4.9500045566582
302,-4.51117682608786
303,-5.01127567557072
304,-3.79427264810618
305,-5.5688613599167
306,-5.07724482935584
307,-4.78963967346755
308,-4.62277367165386
309,-5.58367609894296
310,-5.47831398270823
311,-5.76777797856617
312,-5.2979108643143
313,-4.90957984954879
314,-10.1807353046657
315,-5.41145589215492
316,-6.10344155379507
317,-5.85422035266402
318,-5.68666070594085
319,-5.13106844613397
320,-4.46314075311593
321,-5.00692753068753
322,-4.8916189869376
323,-4.38043234325096
324,-4.43517511271467
325,-7.19903489303953
326,-6.27840344001474
327,-6.03597309071163
328,-5.61839025174188
329,-6.75550226657213
330,-7.75068022006117
331,-5.84894434405928
332,-6.58273003870646
333,-6.53988618548575
334,-6.63447088819452
335,-4.5546901797038
336,-4.97890525031172
337,-6.75182760483644
338,-6.47444540423053
339,-5.06299011473857
340,-6.06310377297756
341,-6.17405099131135
342,-5.37516637930499
343,-5.24494268106868
344,-7.21385913500528
345,-7.7003632436447
346,-7.75503223472873
347,-7.58865465344424
348,-7.92033470099681
349,-4.10975880418796
350,-7.66484044754796
351,-5.81321287912918
352,-6.02270733680407
353,-5.17284828249329
354,-5.22571193442142
355,-4.58405625865922
356,-8.29758238216376
357,-3.65177077169439
358,-5.16854582522267
359,-4.94031994791304
360,-4.93203960359617
361,-7.36622433871774
362,-7.41027370944345
363,-5.73210131679379
364,-4.80164291410863
365,-5.43611880353168
366,-5.72812000164664
367,-6.17011541746845
368,-5.79829463428972
369,-6.06846692575847
370,-5.89010545322973
371,-5.8428797282991
372,-3.85862184259971
373,-4.60410770188584
374,-4.79857374935343
375,-4.76603298307102
376,-5.85456202531581
377,-5.18245576487663
378,-4.57733257713876
379,-5.20702497742729
380,-8.69777836101906
381,-8.54374736428878
382,-5.89322776365227
383,-6.60123150370847
384,-6.41196081369565
385,-6.88102100945581
386,-6.5692188828364
387,-6.07359196044221
388,-6.07476892104125
389,-4.6548323211878
390,-5.32990909036479
391,-5.99566102442137
392,-5.49613305915304
393,-5.91079474037803
394,-4.46153659564215
395,-5.84960543543594
396,-4.43069248643233
397,-5.01927464118686
398,-5.58372278924013
399,-4.83828362969495
400,-4.2460569890374
401,-3.88964750944288
402,-4.53812868687225
403,-6.68542172285483
404,-5.5730616995628
405,-5.31024782813495
406,-7.1515223174009
407,-5.91111833981625
408,-4.93433472863689
409,-4.37575465114155
410,-7.04888019761469
411,-6.41767884619935
412,-6.11738766861727
413,-6.62879977922431
414,-4.875679460296
415,-5.31910613139428
416,-5.97931112779842
417,-5.45576714485919
418,-5.06388855910324
419,-6.07105331948559
420,-6.85209349365651
421,-5.12569013414741
422,-6.3042736492548
423,-6.04253322667999
424,-5.70806741821496
425,-9.56868964917932
426,-4.77616485748399
427,-5.26719474518516
428,-7.2733951230518
429,-7.03228207357553
430,-7.81913544226316
431,-4.83032188204082
432,-5.86348385909128
433,-5.33819608505429
434,-5.33900838781932
435,-5.51046826986077
436,-5.4077583499406
437,-5.0331056651428
438,-5.19927102790619
439,-5.9175288186129
440,-7.0607384191349
441,-5.90011079886577
442,-5.44671112905298
443,-5.85087770866967
444,-5.42872290025595
445,-6.00668493702349
446,-7.19839055541826
447,-6.94663183872704
448,-6.07423539413513
449,-6.63185692605172
450,-7.44243853785384
451,-7.96396461701499
452,-5.36909868325232
453,-5.16997389472227
454,-6.8847684331928
455,-6.65242834955975
456,-6.33628218542858
457,-6.10250155295947
458,-5.37299364878814
459,-6.64247266889038
460,-6.2114153127436
461,-5.3401426362959
462,-5.67317600324993
463,-5.74111378675404
464,-5.50785653705396
465,-5.32044245480209
466,-5.91040533647528
467,-5.32267776269543
468,-5.85116511029085
469,-7.41757560772656
470,-6.5108271068776
471,-5.936139561424
472,-4.75624340023648
473,-7.61487772143038
474,-7.96165469011419
475,-7.92784088065721
476,-7.57596765400999
477,-4.63948594706239
478,-6.72997535183933
479,-6.12421586859024
480,-5.52792216154426
481,-5.58566000676697
482,-6.5448211171188
483,-5.02290553122715
484,-5.28069872931258
485,-7.51906030209129
486,-6.96380153585528
487,-7.53826514145881
488,-6.29166246112042
489,-3.76968663106798
490,-5.33611369106725
491,-5.71224786802656
492,-5.55690000864847
493,-6.62116922645598
494,-6.29504998590165
495,-7.14708559290584
496,-8.694831873191
497,-5.5700735123264
498,-5.2341548210815
499,-5.08576049565653
500,-5.87841422677003
501,-5.50441210038739
502,-4.89178644652368
503,-5.00571201076325
504,-4.80768144759698
505,-4.77149658843314
506,-4.44165179957968
507,-2.52542225363038
508,-4.93398904592974
509,-5.89626325230468
510,-7.0959263661161
511,-4.20661213878529
512,-4.25099912613906
513,-4.18303251734447
514,-5.22225128408931
515,-6.71205525439061
516,-6.55693516459488
517,-7.23779398772511
518,-7.57049025173895
519,-7.38158593826247
520,-6.05800861766278
521,-4.61210685018282
522,-4.48735117002726
523,-7.28503452704961
524,-6.49115608650528
525,-5.02575921238628
526,-4.24834482132994
527,-8.17058597549331
528,-5.72570992792536
529,-6.12315205650854
530,-7.74767994563944
531,-8.37040048070036
532,-6.82623591122049
533,-5.74440189362799
534,-6.45341302673181
535,-5.95264104636468
536,-5.55347601317327
537,-5.82436914639088
538,-5.61338631101678
539,-6.05718417824521
540,-5.33668261972842
541,-6.73230560227063
542,-5.47964810526348
543,-7.74693314057298
544,-5.57210245763559
545,-5.10615453720034
546,-6.65466995039694
547,-6.45472694391082
548,-6.95086242397788
549,-6.6327824185426
550,-5.79779430221854
551,-4.62754566141744
552,-6.04551024138121
553,-5.54492399105154
554,-5.67777714636985
555,-5.93427487198153
556,-5.73582188191253
557,-5.45910743500811
558,-6.33517311473231
559,-6.09418168294454
560,-7.01883843365209
561,-4.86673892558833
562,-4.97009894313425
563,-5.71934458421033
564,-4.82630328694039
565,-6.67993804079051
566,-6.38298848024128
567,-4.4722590647692
568,-4.47651817445572
569,-4.87436902358566
570,-6.32314753523088
571,-5.75471624602771
572,-6.96075826365423
573,-4.95441501441018
574,-4.53992527189166
575,-7.61153628936991
576,-6.70000035311278
577,-5.56618049212829
578,-5.11140376698302
579,-4.52586493349381
580,-6.64290906167551
581,-5.05991333130065
582,-4.62894679405687
583,-4.13799819808079
584,-5.55778784477298
585,-5.39791325784099
586,-5.01790083528896
587,-5.24542382942636
588,-5.79458372047402
589,-5.03130702544071
590,-3.10042115916852
591,-5.52617202592216
592,-4.94402461632244
593,-4.63387157949691
594,-5.11422571539545
595,-4.85201095517323
596,-4.79991636169023
597,-4.73503243955171
598,-6.73144294364902
599,-5.77824258983377
600,-5.69087154876181
601,-5.57373911722788
602,-5.17294875034986
603,-4.62973123615154
604,-5.24706068356917
605,-6.51136050745994
606,-4.86141837345756
607,-5.89227990755885
608,-4.82695317872047
609,-7.02721560282553
610,-6.15881272291854
611,-5.86954319971133
612,-6.41775827578732
613,-6.34309653260179
614,-6.9687578200823
615,-7.4566577539276
616,-5.78661968641746
617,-5.09825218909766
618,-4.79273913839328
619,-4.40575432127123
620,-4.83754620341386
621,-4.91119774692258
622,-5.07810229942532
623,-4.63919828493828
624,-4.33079509790506
625,-4.41790179133933
626,-4.14036656540914
627,-5.7209683903334
628,-6.09027279873935
629,-8.37046411267377
630,-6.30655375837468
631,-6.82151027922019
632,-6.29505612248506
633,-5.3369084534154
634,-5.87509100180181
635,-6.41330879910848
636,-5.56903133365789
637,-6.65282857629323
638,-6.55226406879179
639,-6.73565623598307
640,-6.28241933472425
641,-3.6884757362058
642,-6.54079699205817
643,-6.28301758741385
644,-5.37766555801267
645,-10.6391025401769
646,-2.94701037815588
647,-5.61638618283742
648,-5.17668061294634
649,-5.43634409502569
650,-6.56698227259813
651,-5.65885686283971
652,-6.85986014070229
653,-6.21733035253095
654,-5.14101784891822
655,-5.94886925725079
656,-7.22882929280037
657,-5.66142533384503
658,-5.88765031222806
659,-5.4663944375437
660,-5.78256118400959
661,-4.91199129042215
662,-6.14604582992855
663,-5.79699781189102
664,-8.91247884347236
665,-4.58040189677955
666,-4.68667135896168
667,-4.33226534484726
668,-5.25791859683817
669,-5.6849681635846
670,-6.53632383695391
671,-4.50219368684716
672,-8.63148604422399
673,-7.19639539300406
674,-5.80189526361493
675,-5.78925927504306
676,-6.42885735595638
677,-6.21213566589384
678,-7.93048435201849
679,-6.41684242292229
680,-4.10248470679661
681,-4.8567631430147
682,-6.03804654296445
683,-6.47450827597945
684,-5.17016336728367
685,-5.83592932119513
686,-5.28019197711391
687,-5.77545222167699
688,-6.30729316401229
689,-5.16168559447451
690,-5.11599200658283
691,-6.27698978689128
692,-5.77874170295634
693,-6.13505314182144
694,-5.60726478896015
695,-4.88740238737897
696,-5.51456473825084
697,-6.2577036384754
698,-7.16040238880118
699,-7.59465908187769
700,-6.22722420345675
701,-6.99173500444509
702,-7.89917779149613
703,-10.2720153990606
704,-5.86369569344042
705,-6.12533960273282
706,-4.65597379093487
707,-4.29079140283021
708,-5.60776767704014
709,-6.17796549917601
710,-5.10567244887772
711,-5.52239191723818
712,-5.58337574617294
713,-7.44977117313854
714,-5.49134018256925
715,-5.07158404983473
716,-4.54018785637872
717,-5.00378308498662
718,-4.5930853482558
719,-5.34781596247578
720,-4.76620896998923
721,-5.46004777999673
722,-5.45472437782116
723,-5.31623078203858
724,-5.34411452398859
725,-5.19214009079682
726,-7.63422148573735
727,-5.47206452823209
728,-1.76494443286665
729,-6.04954132756753
730,-6.2423602190557
731,-4.4211542890346
732,-7.20687371568411
733,-5.2240027584979
734,-6.88968508045648
735,-6.75927925800288
736,-6.59119775641778
737,-6.30177169088517
738,-7.19115198520799
739,-7.18608451485155
740,-6.93878390010779
741,-4.8931593411773
742,-5.55140421089887
743,-5.1766135848924
744,-7.43628783151526
745,-7.25857551171394
746,-6.52542109573783
747,-6.03500931556272
748,-5.30581731690068
749,-6.41380810763397
750,-6.18927048449626
751,-6.3833343805889
752,-8.55639690791691
753,-7.18771328158903
754,-5.81416603719068
755,-5.61486548580575
756,-5.24922778955304
757,-5.78678682011011
758,-5.90146894882501
759,-5.75506043988628
760,-6.23152514818942
761,-3.78700718802107
762,-4.84178093833646
763,-5.49608901327248
764,-5.3456889972421
765,-7.09022724859733
766,-5.90133676781728
767,-6.25137831054637
768,-5.85862071751264
769,-4.93009596541416
770,-5.94410917205873
771,-6.40775287968025
772,-5.69416330578972
773,-5.1674472623638
774,-5.41898913181489
775,-4.93165068986746
776,-5.40237878910768
777,-5.60984593753929
778,-5.63768936167867
779,-5.5515056188526
780,-6.9059096092029
781,-5.34416987085127
782,-5.66129821176526
783,-5.29312523487204
784,-5.23933939844706
785,-5.11672232259347
786,-5.35542555385916
787,-4.58609185520888
788,-4.69660148566864
789,-5.60826625278586
790,-5.80880917385654
791,-5.15871420859955
792,-6.27997014415323
793,-6.18573459163137
794,-5.06542817761563
795,-6.59475454108193
796,-4.65472662296038
797,-4.78221182551899
798,-5.99663754480056
799,-5.32422851528917
800,-5.01084270544896
801,-3.92472256704441
802,-4.11048337777037
803,-5.48758546384167
804,-6.6927026222233
805,-5.70552625232043
806,-6.04952445987539
807,-6.01331185646993
808,-4.58084500440482
809,-5.60112458251004
810,-5.50041946500947
811,-5.40446574614997
812,-5.89414655513679
813,-5.91151148346562
814,-5.66212511747337
815,-4.87155263333388
816,-5.54847090270691
817,-5.26071136841243
818,-5.25040716459802
819,-7.12630602866054
820,-7.63986990216572
821,-6.85077759245029
822,-8.20708887537076
823,-4.14185668734994
824,-5.17623081985895
825,-6.07760413852246
826,-6.06687514382111
827,-4.8216533378257
828,-5.5436347909351
829,-5.15548354322704
830,-8.79570072219927
831,-5.49694566438537
832,-5.50186575376945
833,-6.52306724447774
834,-7.10792067799174
835,-7.59617297608477
836,-5.66248918133986
837,-5.53663788515701
838,-5.29785027022773
839,-5.22340081009584
840,-4.99177457030278
841,-6.49448980909859
842,-5.90697481194647
843,-4.91521134752419
844,-7.54823263578281
845,-4.55174055305901
846,-4.42212925474663
847,-3.77590305600112
848,-5.83488764435921
849,-5.00756552824522
850,-6.03269604114053
851,-4.55936556291135
852,-5.28692114813395
853,-4.89370978682003
854,-4.46184865141821
855,-4.7161304582386
856,-5.74737702984837
857,-5.02280880890448
858,-4.81423957362284
859,-5.4315473748337
860,-5.93056218425301
861,-5.83279651641038
862,-5.54264559330079
863,-7.50631490143826
864,-7.95391396250218
865,-5.26061491698118
866,-5.44466955247115
867,-5.2184307383315
868,-5.44752372278324
869,-5.3322959974363
870,-5.07136969712335
871,-4.71521125056441
872,-5.71935837087597
873,-7.698403731334
874,-5.18330768094448
875,-5.36519038419657
876,-5.29822497847223
877,-6.45458952295057
878,-10.4099721243532
879,-10.6591268019066
880,-5.95154060943621
881,-5.3357823225748
882,-6.97592604448053
883,-6.54117091289775
884,-7.11956409517184
885,-7.70317297587142
886,-7.33248148205779
887,-6.77779738908178
888,-6.41235090770882
889,-10.4949127568285
890,-3.80472274998143
891,-4.69496646643135
892,-4.34637506131375
893,-6.01395437584433
894,-6.7081417053448
895,-7.62548580603722
896,-10.1336951888916
897,-5.647195499305
898,-7.68637604005918
899,-10.3796399144053
900,-5.74231566091386
901,-6.21423628026365
902,-7.00183232056954
903,-7.55309211552949
904,-5.37954162286129
905,-5.07849895087171
906,-5.34808813503079
907,-6.45684840795927
908,-6.05319852624006
909,-5.88451028384736
910,-6.45824086860729
911,-7.28557840749892
912,-7.18698650092185
913,-8.14572060111811
914,-4.78830384252359
915,-5.68364843582995
916,-2.85711883862843
917,-4.71885822550677
918,-4.83284187108924
919,-4.04870064565095
920,-4.80870623267302
921,-6.06128350148871
922,-5.96370222997293
923,-8.22708605859113
924,-5.48629219549752
925,-4.43545348424786
926,-5.11950176671611
927,-6.69268711548021
928,-6.12149685386085
929,-5.57295884183406
930,-5.65938468165914
931,-5.51881840088129
932,-5.79637085141821
933,-5.77678479829648
934,-5.34190948340359
935,-5.63415948348836
936,-6.05364486690405
937,-5.7667660130822
938,-5.58405965206755
939,-5.2962467739596
940,-4.96440149165208
941,-4.85865230276444
942,-4.7496594292608
943,-5.23125941299183
944,-5.23939195652161
945,-4.47941711552096
946,-5.15021240894125
947,-5.44235605740975
948,-5.41366281836875
949,-5.92487081903326
950,-5.52113361728687
951,-4.70449597351485
952,-4.65376077927721
953,-4.25649669649846
954,-6.05665859759342
955,-5.21338806257236
956,-6.17830319721045
957,-5.97260200404445
958,-5.62342489982871
959,-5.93916663692144
960,-5.5171740111319
961,-5.66056989354576
962,-5.31287848960557
963,-8.5869088258249
964,-6.00656687785146
965,-6.79415493778967
966,-6.24102694782939
967,-4.87654348763513
968,-6.72482468731173
969,-6.47907362759607
970,-6.20345339034001
971,-5.18899165225302
972,-5.63609142870607
973,-5.22591545303775
974,-5.67010932222043
975,-5.43729928071517
976,-8.02480089558463
977,-7.02802444375139
978,-4.99504694066716
979,-5.25061316807142
980,-5.04859889822488
981,-6.57376869665677
982,-6.63359402116303
983,-6.52931861316321
984,-10.3315632217777
985,-10.6330419132278
986,-4.87978334847229
987,-5.29036099562503
988,-10.3393641493208
989,-5.39031856488933
990,-7.23091757282081
991,-5.22945289740393
992,-5.29152929378843
993,-5.41094709146025
994,-4.97104207914162
995,-7.3242923848339
996,-4.32726147114636
997,-5.0025280075347
998,-5.27280958812534
999,-5.69089428621759
1000,-4.91048719738858
1001,-5.16006667643429
1002,-5.43381957040193
1003,-4.83479660537831
1004,-5.65491954706578
1005,-6.06945494243204
1006,-4.95386967161403
1007,-5.84787096105842
1008,-5.35968649065407
1009,-4.74168482475623
1010,-5.88281615691429
1011,-5.43676658117941
1012,-4.84459570493935
1013,-5.75272148549242
1014,-5.15065296374931
1015,-5.88440102800193
1016,-7.68652703218031
1017,-8.00378711802884
1018,-8.01011771518472
1019,-7.92615861962194
1020,-6.33028633973814
1021,-6.01243661945564
1022,-6.12639634971795
1023,-6.46786070762653
1024,-4.68597261206037
1025,-5.34548339337674
1026,-5.02543799565589
1027,-5.89113172146531
1028,-5.50332175696823
1029,-5.21237050256394
1030,-4.4028921088857
1031,-5.72590663459262
1032,-5.614790644753
1033,-5.14244979147501
1034,-7.65490131418001
1035,-6.20620655408358
1036,-6.43781923020951
1037,-5.48773419439969
1038,-5.39989131167345
1039,-5.42225778733915
1040,-5.26051316610503
1041,-5.18048308670974
1042,-5.44058707088357
1043,-4.5252789293121
1044,-7.27554176242266
1045,-5.78136152648538
1046,-7.40881714453319
1047,-4.1844396304689
1048,-7.52495035284833
1049,-5.80425571531894
1050,-5.60896456443646
1051,-5.21977886269864
1052,-5.40485632238619
1053,-4.83574938491744
1054,-5.46024460850487
1055,-5.95250475622903
1056,-5.66933866958963
1057,-5.65241266933428
1058,-4.81923527509608
1059,-5.79590030164889
1060,-5.55037898083893
1061,-5.86551618419995
1062,-7.49598503985676
1063,-6.45787095480215
1064,-5.98591636793133
1065,-5.22789391681118
1066,-5.33155946892437
1067,-4.82296516875447
1068,-4.17308679897405
1069,-5.02909905729533
1070,-5.39171880232129
1071,-5.4039746973956
1072,-3.95496248756176
1073,-4.52717468838756
1074,-3.78187863180863
1075,-3.71240602783958
1076,-6.16540024900464
1077,-7.71751107979127
1078,-5.05960811064065
1079,-5.36394427616773
1080,-6.1222011236559
1081,-5.98122614083348
1082,-6.05751236021018
1083,-5.03781836924495
1084,-4.57974744772404
1085,-5.92816630128221
1086,-5.55748256527324
1087,-5.07403581894521
1088,-5.10266811238319
1089,-7.45093758329989
1090,-6.831187128194
1091,-4.1215221524752
1092,-5.01396822715653
1093,-5.46185569906083
1094,-6.96173702747608
1095,-7.68607290932848
1096,-8.91813690754433
1097,-9.64969139992318
1098,-4.73505540990827
1099,-6.88238826124181
1100,-3.87509949469988
1101,-4.24575812125445
1102,-5.08874905324862
1103,-4.82992244222195
1104,-7.03368954899725
1105,-5.44429413743293
1106,-5.17436007388727
1107,-5.37974673952413
1108,-6.3738760143728
1109,-5.26290225140148
1110,-5.83286811998224
1111,-5.77974424702534
1112,-6.15251162418448
1113,-6.3376530664651
1114,-5.74723769163474
1115,-6.12334301762068
1116,-6.276180621553
1117,-5.31044792757097
1118,-8.31486511996035
1119,-4.14265414075015
1120,-5.84308410751681
1121,-4.77817080223315
1122,-3.61708453832271
1123,-6.87055425304484
1124,-4.7424218470337
1125,-2.82186084506546
1126,-6.80097237878406
1127,-5.46008835450451
1128,-8.32994052667422
1129,-7.51442437783545
1130,-7.95120462412759
1131,-7.09318554647398
1132,-6.28271136893385
1133,-5.56712499219168
1134,-5.53154958928093
1135,-5.28739144584894
1136,-5.41494859591699
1137,-5.45997134853255
1138,-5.68945662511384
1139,-6.05519869058327
1140,-8.53392197505606
1141,-5.12059094800879
1142,-8.60431616767853
1143,-7.97204469788178
1144,-6.23106709950148
1145,-5.35625538753224
1146,-5.8912934493204
1147,-5.455877111739
1148,-4.67605369792668
1149,-5.7820249923277
1150,-5.89814052997727
1151,-6.20964494026406
1152,-7.21874178402269
1153,-6.02251652446895
1154,-5.84379513656777
1155,-4.93726721613866
1156,-4.35907270207035
1157,-3.3947033143219
1158,-5.52335625577335
1159,-5.58779984663991
1160,-5.68815768758203
1161,-5.98391281244819
1162,-8.79236994036354
1163,-5.52436615121152
1164,-5.53518715135253
1165,-8.10065575948969
1166,-7.49044019446689
1167,-7.81935858976075
1168,-6.11471515241714
1169,-6.22541952865946
1170,-6.66524843675853
1171,-7.06935281729102
1172,-6.78696579215113
1173,-6.13529054867938
1174,-6.1109495590947
1175,-6.18048755910176
1176,-4.81414939339479
1177,-4.68625613953448
1178,-5.26303230976819
1179,-3.87274461231243
1180,-4.34004451972919
1181,-6.33382582081815
1182,-5.6251059334075
1183,-6.90654503839683
1184,-7.11199016177962
1185,-6.92351594061096
1186,-6.92578708135093
1187,-6.05065623592711
1188,-5.89787114275003
1189,-5.71434852243711
1190,-7.62265848946484
1191,-7.86301217648535
1192,-7.69146327345141
1193,-6.17772435452008
1194,-6.18180208725299
1195,-5.89942210809214
1196,-5.74445358705031
1197,-7.98718654342323
1198,-5.89565759656265
1199,-5.10361805317893
1200,-4.57878950835723
1201,-7.23982271748945
1202,-7.11134566891887
1203,-7.10393482899427
1204,-4.66556424077236
1205,-5.97072517650114
1206,-5.63986687095755
1207,-5.10751592177435
1208,-6.04789038127194
1209,-5.73550860070919
1210,-5.08552699480657
1211,-3.28012059460775
1212,-5.96121285230241
1213,-5.6325790635765
1214,-5.23082581425316
1215,-6.10655415587756
1216,-4.55538328772343
1217,-4.4178775813159
1218,-4.20239012292424
1219,-4.61126987066815
1220,-4.48962271616546
1221,-6.48310049066692
1222,-4.99283396000738
1223,-4.73730741354953
1224,-4.66491968114806
1225,-5.13557064092224
1226,-5.29506811365469
1227,-4.92790186636863
1228,-4.33424861456589
1229,-4.94729545108111
1230,-5.19015121828755
1231,-7.95048869675939
1232,-5.38099464501163
1233,-5.93537623216531
1234,-5.25005612028283
1235,-5.63059646959757
1236,-5.88196828050554
1237,-4.90858048704978
1238,-4.93965445222902
1239,-6.90337427894748
1240,-7.68666094816959
1241,-5.02547077806263
1242,-6.10278191724773
1243,-5.53020741346119
1244,-4.80380632790426
1245,-5.24173797878466
1246,-4.50709092824061
1247,-6.08557918557345
1248,-3.29210631608062
1249,-6.31842250385471
1250,-6.30612841074189
1251,-4.63371974833601
1252,-5.97874465727473
1253,-6.12524187445106
1254,-5.76005419724468
1255,-5.84397430486491
1256,-5.68310924864125
1257,-5.75535561828901
1258,-6.61320586965009
1259,-5.3153303547351
1260,-5.6087103007641
1261,-5.87794287229572
1262,-5.37241096943157
1263,-5.6279078620316
1264,-8.09611182757577
1265,-5.74065076273463
1266,-4.84688107124525
1267,-5.38726389926749
1268,-5.69705841647831
1269,-4.97430030114271
1270,-6.30005979737703
1271,-5.8500848030846
1272,-5.48817121505316
1273,-6.99493149989433
1274,-6.93860000470071
1275,-6.33628603860325
1276,-7.79083877583823
1277,-7.37177834403994
1278,-6.48700820006563
1279,-5.85609748795194
1280,-5.91330379536154
1281,-5.85733543158312
1282,-6.89386970340996
1283,-6.20385236281834
1284,-5.30637202740672
1285,-6.36278154364482
1286,-5.71921173169385
1287,-4.91518900059453
1288,-5.20815027192847
1289,-5.0321070213957
1290,-5.15321634480367
1291,-2.26051654002479
1292,-5.78645968433815
1293,-7.06446207382771
1294,-6.79320294342342
1295,-6.60000418602146
1296,-5.59577473231672
1297,-5.06990072946537
1298,-4.49216910032954
1299,-5.2369388868781
1300,-7.7569471173139
1301,-6.50776793250158
1302,-4.6645512811073
1303,-9.75119579183748
1304,-6.89411042181391
1305,-6.60946607251267
1306,-6.9393538207392
1307,-6.83041936877069
1308,-7.78292355031817
1309,-7.86065779465753
1310,-7.68702392551275
1311,-8.85375951848337
1312,-9.02234917735109
1313,-3.97638475112214
1314,-5.20452050028869
1315,-10.6202426011667
1316,-2.99579102769059
1317,-5.59694930397946
1318,-5.90628982619016
1319,-5.87642462894555
1320,-5.86694906928684
1321,-5.69767559359495
1322,-5.75033680399718
1323,-8.11620063266555
1324,-4.20368282496555
1325,-5.83944478075901
1326,-5.84166870003259
1327,-5.28000633043233
1328,-6.37091212950839
1329,-6.13786120663442
1330,-7.26894233126604
1331,-6.04406570242444
1332,-4.94492270200069
1333,-5.36428751263075
1334,-5.48111184848862
1335,-5.43012793972101
1336,-5.05071164267452
1337,-4.63364331028213
1338,-4.87710839814762
1339,-4.9550360641697
1340,-6.18761123776126
1341,-5.74947532147498
1342,-4.23602634971721
1343,-6.99872137130906
1344,-5.20964380800181
1345,-3.84142391471664
1346,-5.76329627204422
1347,-6.05425082429432
1348,-5.21400429612913
1349,-4.44449336894763
1350,-5.01484766680186
1351,-5.16884639829683
1352,-6.79907020126426
1353,-6.29538883059742
1354,-5.27564635504942
1355,-5.62414403299222
1356,-5.68798048375571
1357,-6.05045214806699
1358,-5.57948449125139
1359,-4.73903952718162
1360,-5.27539411136084
1361,-4.94548517733742
1362,-4.2133862423394
1363,-3.93431753602084
1364,-4.08822289246907
1365,-3.65435313433039
1366,-7.3695804043363
1367,-8.04667295651378
1368,-5.19376724629163
1369,-4.97499816668665
1370,-4.29257396232349
1371,-3.86189240477859
1372,-4.39380867018091
1373,-6.35778153704062
1374,-7.07018823768985
1375,-7.18312994008783
1376,-5.1755526299158
1377,-4.77498664179984
1378,-6.69140437284959
1379,-6.74462836597125
1380,-6.29894806166129
1381,-5.83558682122396
1382,-6.21107551568885
1383,-5.76844084219426
1384,-6.00856621605281
1385,-5.65854102133681
1386,-5.50504676756473
1387,-5.82081668902215
1388,-5.95553479053034
1389,-5.76848676969751
1390,-5.4757936211906
1391,-5.30062868034684
1392,-4.98223257894378
1393,-5.86380298273503
1394,-5.39772001768213
1395,-4.1634857560108
1396,-6.5649640173251
1397,-5.23078879293388
1398,-5.10804883440558
1399,-4.68511820347749
1400,-5.46465115149922
1401,-6.09366949889567
1402,-6.13265852309344
1403,-5.7289618118133
1404,-4.9342867620343
1405,-4.7112204623686
1406,-7.30251912982906
1407,-6.94167092674022
1408,-8.15671408024451
1409,-6.47188093327699
1410,-6.50692982912891
1411,-3.60908112323706
1412,-5.73713562657007
1413,-5.44614373982042
1414,-5.30461698799227
1415,-5.48259916860019
1416,-5.52163727915448
1417,-5.32388944961839
1418,-4.86393250425046
1419,-7.49043075578301
1420,-5.63186632360996
1421,-4.96490511310354
1422,-5.43967308761002
1423,-5.71734115450222
1424,-4.75730717408997
1425,-5.475408141301
1426,-5.47832299297641
1427,-6.26592151043387
1428,-7.65962634128185
1429,-5.45930794771807
1430,-4.88753622751017
1431,-5.2934913767001
1432,-5.37211227854875
1433,-6.25786993137623
1434,-5.99378797634538
1435,-6.14309270284519
1436,-5.77617879826208
1437,-10.3645687461134
1438,-9.89569598155373
1439,-7.39081395229919
1440,-7.44838073233058
1441,-6.8857781632848
1442,-6.76055181423897
1443,-6.23350836691915
1444,-5.39100683947149
1445,-6.34742072184908
1446,-5.28332454000969
1447,-5.61346613055799
1448,-5.23985099035493
1449,-4.82290951794955
1450,-4.67892818892189
1451,-5.65794395352597
1452,-5.23922771603467
1453,-4.79979051197757
1454,-5.49268964328375
1455,-5.08014778146157
1456,-5.27036522017134
1457,-4.9137676055714
1458,-4.54933671554636
1459,-5.24889859597824
1460,-5.59885558538806
1461,-6.2580274402862
1462,-6.81938204342788
1463,-6.80221955230357
1464,-5.556015382477
1465,-4.5642225629063
1466,-4.90225094267545
1467,-5.46792365082334
1468,-4.64820223919775
1469,-5.21623051462383
1470,-5.04679960129878
1471,-4.60426375477865
1472,-6.34704229475577
1473,-6.32648447911484
1474,-5.75224307163374
1475,-6.00226259055462
1476,-6.88617472052565
1477,-5.56215750700794
1478,-5.8851924586437
1479,-5.52860145516632
1480,-6.6283364351197
1481,-5.55848232602755
1482,-4.99021519141392
1483,-6.25597672883215
1484,-5.63121709995406
1485,-6.76534145377936
1486,-6.35127990915928
1487,-4.93718844359303
1488,-6.79363904588064
1489,-6.52329259450349
1490,-8.28407603777663
1491,-7.87244189355113
1492,-5.63313258966386
1493,-7.93518832002472
1494,-7.01546041492831
1495,-5.18609900994369
1496,-4.89539623522923
1497,-2.44300822824178
1498,-6.52021746231005
1499,-6.72106369975548
1500,-7.47890735378793
1501,-6.95873202045442
1502,-3.84757671175554
1503,-4.62291892634642
1504,-3.84387191823795
1505,-4.12228563161873
1506,-3.74090774200835
1507,-7.4571006824424
1508,-6.03764920710312
1509,-5.72217802229692
1510,-6.68443127902391
1511,-6.75203948057392
1512,-6.27991683659493
1513,-4.28767424330793
1514,-7.22277081191787
1515,-7.35907542155924
1516,-6.12937449209473
1517,-5.93582348006952
1518,-5.28359693899657
1519,-5.10733197440419
1520,-5.08496696740959
1521,-5.02337415901769
1522,-5.13065455404935
1523,-6.77405475976688
1524,-6.03162888753482
1525,-5.22635218197729
1526,-5.03574449029457
1527,-5.55004702575552
1528,-5.46691714293875
1529,-5.15326266024308
1530,-3.76837182169523
1531,-4.96643221665769
1532,-4.55776633480977
1533,-3.53576447882092
1534,-6.41001024723063
1535,-4.96583799350784
1536,-6.11989775847714
1537,-5.7928167399797
1538,-6.62114585259493
1539,-5.87311487000593
1540,-5.84149300018278
1541,-5.55935263500176
1542,-5.7228930971756
1543,-5.55901201511983
1544,-5.44648803839204
1545,-6.90837575520169
1546,-6.459027439836
1547,-6.97634966982427
1548,-6.72619548799803
1549,-7.8949956825171
1550,-7.88864534595668
1551,-5.98170515300354
1552,-7.61332356432677
1553,-5.25478394296741
1554,-6.68732864137098
1555,-7.48560206456814
1556,-6.99431449304079
1557,-6.80730841211961
1558,-6.36124128361143
1559,-7.81639802020456
1560,-7.78254173943322
1561,-3.76856109306914
1562,-7.55122955550561
1563,-5.40452516476681
1564,-5.05906509408551
1565,-4.31167666400823
1566,-3.4455179894875
1567,-6.21444053759801
1568,-5.98035515151456
1569,-8.0933552810237
1570,-5.74125049087665
1571,-5.36867242161153
1572,-6.16706605101778
1573,-6.76696322563686
1574,-6.03406691833072
1575,-5.6410223860243
1576,-5.06092432078433
1577,-5.38512488631397
1578,-4.97333856630757
1579,-5.47230425415347
1580,-5.92595755758908
1581,-6.48729393105107
1582,-7.03306998727629
1583,-6.25077407344311
1584,-6.50085369069504
1585,-7.10737873115473
1586,-7.56503777205219
1587,-6.76568144207483
1588,-5.68347790706681
1589,-4.77855213369964
1590,-4.94319645980714
1591,-6.53220863747566
1592,-6.51393550335388
1593,-5.89756505302503
1594,-5.46020857335148
1595,-6.3034496365776
1596,-4.86785895251449
1597,-6.55954941803824
1598,-6.01392104854484
1599,-7.46197007291809
1600,-6.54177220783075
1601,-5.92918031599895
1602,-7.31558433539961
1603,-7.47367064595222
1604,-5.75814846211318
1605,-6.69913173770596
1606,-6.48035960630243
1607,-7.01243770094005
1608,-6.68985938278793
1609,-5.58908876920551
1610,-6.15243618263671
1611,-5.61717912915313
1612,-6.23131878620812
1613,-5.72400940362339
1614,-4.46711649019362
1615,-4.61548857015665
1616,-5.6512436619897
1617,-4.01399008186153
1618,-4.35602194278059
1619,-4.96934878975631
1620,-6.01071838058109
1621,-5.30690663480221
1622,-5.66322146557255
1623,-6.48164730337844
1624,-5.21023837823128
1625,-5.64817593938874
1626,-5.0538543737525
1627,-5.06936671440249
1628,-4.48332377488267
1629,-4.79923060984445
1630,-4.1858270531835
1631,-4.83141551320263
1632,-5.89571780759976
1633,-5.38783998328276
1634,-6.017219650266
1635,-8.43883228292315
1636,-6.8029657471192
1637,-4.73557454357563
1638,-5.86608367358378
1639,-6.32132950141579
1640,-6.02985813033996
1641,-6.7556057995444
1642,-6.29886481694883
1643,-6.37152264704213
1644,-1.94421285295648
1645,-5.51209537819417
1646,-5.15347087010656
1647,-4.54536523028681
1648,-8.18316227862204
1649,-8.32701305177394
1650,-8.61203739783696
1651,-7.61353626191051
1652,-6.31690294186241
1653,-4.26680423042864
1654,-8.85591073123462
1655,-6.92175858686732
1656,-7.8346887607978
1657,-10.1483570882083
1658,-5.72168709240405
1659,-5.4377761696784
1660,-6.3464977732265
1661,-7.95918779334696
1662,-5.25817179958566
1663,-5.04818720336506
1664,-4.99765062683042
1665,-4.78957217071897
1666,-5.00214148762007
1667,-5.21526503078387
1668,-6.63921691819765
1669,-5.45520493942503
1670,-5.52794031992809
1671,-6.78052867014966
1672,-7.18257104150565
1673,-6.3105246581831
1674,-6.1991477136548
1675,-4.56762793421084
1676,-6.23203782276906
1677,-7.01613300883995
1678,-6.88571096380877
1679,-6.32122926258993
1680,-5.98404537068084
1681,-7.13188738001356
1682,-4.74517038188132
1683,-6.7225881718789
1684,-7.02742152728648
1685,-5.08236221785747
1686,-8.00057256638537
1687,-7.68762983176914
1688,-4.22249387922554
1689,-10.3679852217394
1690,-10.5987602003476
1691,-4.87784655943708
1692,-6.15923814852242
1693,-4.97007269011732
1694,-5.73114046064004
1695,-4.93312249204233
1696,-4.86069606984096
1697,-6.9795542980648
1698,-6.64702069049165
1699,-5.97560211622378
1700,-5.83668118686902
1701,-5.45343376026715
1702,-5.97091126406371
1703,-6.81854538901363
1704,-6.06314577835885
1705,-8.77507206781105
1706,-5.87221063633692
1707,-5.3604666822226
1708,-4.92715145831764
1709,-5.26527025772036
1710,-5.05558622425026
1711,-4.96288037328524
1712,-7.2146858397594
1713,-7.46948078796386
1714,-6.23575947873811
1715,-7.55775262192699
1716,-6.11043650836033
1717,-6.38508277865063
1718,-6.47829492580263
1719,-5.98244344772028
1720,-4.64807130883859
1721,-4.95049360366039
1722,-5.91068368835657
1723,-5.37803432842823
1724,-4.60222172018911
1725,-4.28584971364208
1726,-4.46521392581285
1727,-4.50821993382602
1728,-7.85116325265879
1729,-4.90345429128523
1730,-4.39674743073671
1731,-4.6349330281742
1732,-4.50416426640348
1733,-5.1240701441451
1734,-5.28496320204685
1735,-5.35151305373432
1736,-5.06173791612938
1737,-4.2051293138633
1738,-7.28502703940405
1739,-3.25496195708173
1740,-7.6524657778511
1741,-7.84251516541208
1742,-7.44099400045431
1743,-6.35930183894392
1744,-7.51077258329538
1745,-4.93781531690898
1746,-5.21003428060469
1747,-5.00677717355055
1748,-4.75734593825267
1749,-6.54086502059157
1750,-6.63450687814236
1751,-6.47722755247848
1752,-8.49304914567713
1753,-6.94791689173572
1754,-5.31956071031095
1755,-5.99347329875335
1756,-5.87598373342436
1757,-5.58442594583999
1758,-5.57799676012386
1759,-5.66936580103776
1760,-5.06083986011032
1761,-7.915223788695
1762,-7.36615760838571
1763,-6.97038467781161
1764,-4.59589131389921
1765,-5.93539726320365
1766,-5.91643646447224
1767,-5.82584187168391
1768,-5.56180698176195
1769,-5.2275237575673
1770,-5.29440942975555
1771,-4.99362172146602
1772,-8.30097983000237
1773,-6.28109818244179
1774,-5.96274338012861
1775,-5.63236783679695
1776,-5.72288393932387
1777,-10.4046801343969
1778,-10.5070735744464
1779,-9.90538654132955
1780,-10.5105545262922
1781,-7.51520360783383
1782,-7.41815487084289
1783,-7.22917257770081
1784,-6.97775951158353
1785,-7.93986737668328
1786,-8.08689049409495
1787,-7.69697383432564
1788,-6.04554130299487
1789,-6.59975632843307
1790,-4.46443617088796
1791,-4.18821968518446
1792,-3.85583250865636
1793,-9.98729357575361
1794,-10.6560560108108
1795,-6.75473261452818
1796,-6.42510941648717
1797,-6.869490562837
1798,-6.47818039531406
1799,-6.88768130335334
1800,-5.48745484004301
1801,-5.01948226100621
1802,-5.74432298934322
1803,-6.86312742282146
1804,-6.35101332822965
1805,-9.44179529380214
1806,-5.63852010629516
1807,-5.3594572984298
1808,-4.59903990227495
1809,-5.93300578659016
1810,-6.22012409794887
1811,-6.54488044633468
1812,-5.28576491798692
1813,-6.67694254066121
1814,-6.38124831263096
1815,-5.85980138539015
1816,-8.17442588373054
1817,-5.24261193725341
1818,-5.02389305719405
1819,-4.71110166901549
1820,-6.24614909741137
1821,-7.70726497611022
1822,-6.73212410849177
1823,-7.82883300574225
1824,-6.22570631869132
1825,-7.46703123594552
1826,-6.65208652482955
1827,-4.79470345546351
1828,-5.4232342197261
1829,-5.65682056349344
1830,-5.64760305713062
1831,-5.24286293482935
1832,-5.08505906950896
1833,-6.34516732255722
1834,-6.37024097839789
1835,-5.3001893965877
1836,-4.68956375848381
1837,-5.75871526525232
1838,-8.03860151526833
1839,-7.02245800682498
1840,-5.04804153029411
1841,-4.42782410640126
1842,-5.33650987150957
1843,-6.41150891593908
1844,-5.09359978604151
1845,-5.42838807199486
1846,-5.89119759188596
1847,-5.0062612093684
1848,-5.30723124230446
1849,-5.30854849031611
1850,-5.2626312172912
1851,-5.82507510127495
1852,-4.59895664113299
1853,-5.39183190517619
1854,-5.7420574911024
1855,-6.92283959522716
1856,-5.55196511798473
1857,-6.1563868342556
1858,-8.10491268181751
1859,-5.47576232163433
1860,-5.06523337329135
1861,-5.77893636967147
1862,-8.96753960150108
1863,-6.64157470803974
1864,-6.70626292002223
1865,-5.40219273010054
1866,-3.73670762114764
1867,-6.86961463396981
1868,-4.9208893621403
1869,-5.77672178233775
1870,-5.20299535938686
1871,-5.23172967720778
1872,-5.86875370085142
1873,-5.22236213752582
1874,-4.75390966637519
1875,-6.03228747664778
1876,-6.18362221650715
1877,-6.19221116669022
1878,-6.0230945674281
1879,-6.15951283421816
1880,-6.17604641542944
1881,-6.30755688398616
1882,-3.90671079427983
1883,-5.77607720587516
1884,-5.29664636994211
1885,-6.51069372902703
1886,-6.11209211010331
1887,-6.29884150961259
1888,-6.0345431438334
1889,-5.77968606177639
1890,-5.15675574663904
1891,-4.70317156899912
1892,-5.98333451866384
1893,-6.32279809355641
1894,-6.06401908793815
1895,-5.3191560554535
1896,-7.42600824267498
1897,-6.50824797221747
1898,-5.91456724074667
1899,-4.24863161194435
1900,-8.78519556159836
1901,-5.08211598335803
1902,-5.20664038665665
1903,-5.34407102201935
1904,-4.65546257248533
1905,-5.047851674434
1906,-3.88075041573995
1907,-7.99969025605584
1908,-8.16762246006643
1909,-7.56098444086049
1910,-7.86398358816686
1911,-5.13445910191024
1912,-5.35330319375869
1913,-5.12952346876819
1914,-3.50854090100989
1915,-3.56202038889511
1916,-6.63677288534144
1917,-5.31921202405251
1918,-5.01491500105501
1919,-5.49872072194314
1920,-4.67708861753023
1921,-4.5261843843818
1922,-4.36934538393731
1923,-4.48143968998074
1924,-4.31933816026667
1925,-4.0889299939114
1926,-4.68206881957708
1927,-4.19664154967632
1928,-5.13308608410185
1929,-7.55882408090748
1930,-6.59309269631796
1931,-5.61125731318029
1932,-5.42228321647687
1933,-4.79940324434181
1934,-5.51313456359437
1935,-5.91534858440908
1936,-5.53227775022565
1937,-6.33123398122607
1938,-4.26546816890989
1939,-5.11809008251317
1940,-5.84515953800509
1941,-4.98418271921799
1942,-4.48940786198304
1943,-5.71036403378971
1944,-5.53041670615313
1945,-7.15113606021245
1946,-8.14337572296938
1947,-6.15605803413568
1948,-4.62907188456033
1949,-8.98148221027898
1950,-5.91544688043241
1951,-5.67870947910383
1952,-7.97097425050605
1953,-8.33023020955342
1954,-8.45932728503882
1955,-8.77278956308015
1956,-8.32914707669746
1957,-6.7317410176882
1958,-6.74470639588296
1959,-5.5915068045941
1960,-4.36462844060547
1961,-5.17362917362518
1962,-5.54342842697866
1963,-5.7498727730496
1964,-5.24248655758279
1965,-4.84878465550768
1966,-7.77218802890928
1967,-4.97424878294823
1968,-5.07879032479387
1969,-5.17589312820858
1970,-4.35108784932877
1971,-5.35553571494478
1972,-7.84232941378194
1973,-7.73169801553257
1974,-6.27018403990314
1975,-7.12788181328891
1976,-6.98514162584389
1977,-7.0893584159574
1978,-5.2167943580312
1979,-5.35958038343264
1980,-5.79616081401159
1981,-6.17873646334095
1982,-6.49453362698576
1983,-5.93450875009365
1984,-4.96576706160749
1985,-5.64513347233568
1986,-4.30740401262997
1987,-4.71903328257059
1988,-4.65265375340511
1989,-7.81385246486127
1990,-3.75313499379182
1991,-5.66684031146703
1992,-4.68446010470312
1993,-7.88749969803422
1994,-5.01377898240825
1995,-4.51229396868192
1996,-5.41260077202733
1997,-6.23671153808999
1998,-5.76758728684509
1999,-7.0078340332067
2000,-5.92296300282414
2001,-6.39145496200374
2002,-6.05689704229808
2003,-6.47025597789358
2004,-6.92424690959262
2005,-7.25419408082165
2006,-7.19916449347074
2007,-4.39692839577718
2008,-6.28521198568824
2009,-4.77405162539648
2010,-5.24824937024979
2011,-5.2729514659565
2012,-4.80452885430024
2013,-4.89192058910976
2014,-7.17037658825589
2015,-6.33816050992622
2016,-5.2444045569671
2017,-6.7694049849746
2018,-5.53275424039253
2019,-4.94136349824402
2020,-4.35479960353596
2021,-4.56755451686291
2022,-4.56412163798346
2023,-4.95621759242676
2024,-4.84029594668601
2025,-6.26779226905575
2026,-6.07383153835392
2027,-5.7179307941503
2028,-5.780448536402
2029,-5.20018712850592
2030,-4.51418004499291
2031,-5.82566926572838
2032,-5.38727777497939
2033,-5.84041094830951
2034,-5.39191697176037
2035,-4.39619823145425
2036,-8.89761674368896
2037,-8.61021503471459
2038,-8.75977553834911
2039,-7.62607994390446
2040,-5.57080649099102
2041,-5.93110407789381
2042,-6.3837927915885
2043,-5.39616139315019
2044,-7.73800812791576
2045,-9.29988920151306
2046,-9.53239924473263
2047,-9.11667467685177
2048,-5.84439004467716
2049,-6.07510871695158
2050,-5.38120870680586
2051,-5.41283282071696
2052,-4.89247142414454
2053,-5.17579544235338
2054,-4.55384557768079
2055,-5.15281082331813
2056,-8.10095063951079
2057,-6.07085959673871
2058,-5.69828104047563
2059,-5.10271191974249
2060,-5.62169166597186
2061,-5.539118042182
2062,-5.3486620137726
2063,-4.93763273127513
2064,-4.66003840120567
2065,-5.81687657137171
2066,-6.11489909396366
2067,-6.66620288397385
2068,-6.57268882833575
2069,-6.23788263405271
2070,-7.02595525995563
2071,-7.34973463071121
2072,-5.03043108076298
2073,-5.94015403342448
2074,-5.64615638183646
2075,-5.07041414209732
2076,-5.55191461171736
2077,-5.26561785393043
2078,-5.90544167878625
2079,-5.90383854410801
2080,-5.66859922616951
2081,-5.66408918250859
2082,-5.77668307244674
2083,-5.763854526348
2084,-5.27037680191443
2085,-5.26287971027434
2086,-6.1298633242016
2087,-5.44129275781813
2088,-5.39441558136735
2089,-6.10357419527748
2090,-5.29634654569302
2091,-4.80780535040198
2092,-6.22973662990976
2093,-5.7305638917638
2094,-7.19903921043821
2095,-8.7699869878275
2096,-6.13887250727522
2097,-5.49574678811618
2098,-5.47776945767294
2099,-2.73042389501878
2100,-5.9290186575313
2101,-8.14579531406733
2102,-5.49817211379915
2103,-5.13024696452701
2104,-4.52525651882062
2105,-5.39363186599514
2106,-6.36328521545788
2107,-5.41034711366696
2108,-5.89490003313451
2109,-5.01544216438025
2110,-4.48521459456325
2111,-5.12636508545653
2112,-4.49521529670185
2113,-5.24086099422397
2114,-4.60975073165696
2115,-5.21446623353163
2116,-6.87016948886424
2117,-8.07301549501637
2118,-5.79558918426503
2119,-4.05332303275795
2120,-6.18685005203797
2121,-5.73876249097356
2122,-5.93418258257222
2123,-5.86836898980897
2124,-6.20064996754824
2125,-5.70832760431184
2126,-5.7956278092851
2127,-5.60879295814569
2128,-4.90644697482519
2129,-5.95593443883497
2130,-5.69298431211132
2131,-5.34041985666181
2132,-5.57933254740927
2133,-5.43482932838802
2134,-7.02833273547472
2135,-6.70082515857666
2136,-7.11114492359187
2137,-6.61310919959333
2138,-5.07960164748981
2139,-5.14629853303392
2140,-7.9243708060738
2141,-7.14834006447335
2142,-5.83912477746937
2143,-5.03409397636284
2144,-4.38441541836214
2145,-5.57562496932995
2146,-4.74410684345999
2147,-5.1345796078697
2148,-4.76554489492627
2149,-5.82007211147441
2150,-5.43077705528299
2151,-5.61394410983492
2152,-6.36134598697005
2153,-6.15753724604042
2154,-4.62198618548213
2155,-5.00286429370956
2156,-8.45377063927737
2157,-8.80563563504369
2158,-6.17942117378913
2159,-6.35962097530422
2160,-5.87228917385752
2161,-7.65996062094801
2162,-6.27653684453
2163,-6.93565518332634
2164,-7.19539243918119
2165,-7.59521815025038
2166,-6.25364718865583
2167,-7.24214548810031
2168,-6.0729961410525
2169,-6.16593885298665
2170,-5.69288789237121
2171,-6.45932544243109
2172,-4.54779309698121
2173,-4.21733066675517
2174,-6.4407499394401
2175,-7.70835880039634
2176,-4.96315490474124
2177,-7.99364789117811
2178,-7.71884083365859
2179,-6.4386095360659
2180,-5.87674153128903
2181,-7.4006294396126
2182,-6.57505178054356
2183,-6.30668103937503
2184,-6.60926455995701
2185,-7.81708383602907
2186,-6.95016005780353
2187,-6.08586052051129
2188,-4.3284694106144
2189,-5.21083419714211
2190,-5.46888612094654
2191,-6.00875553516902
2192,-5.91134289419115
2193,-5.95393968802922
2194,-6.97895011146001
2195,-7.31329450929391
2196,-6.36301628007573
2197,-6.8458461624073
2198,-7.06465485253739
2199,-6.12436679569362
2200,-7.22449775675265
2201,-7.02985571963383
2202,-6.69799052477115
2203,-4.97156552216207
2204,-7.91256462833228
2205,-8.19896720037855
2206,-4.37172877861211
2207,-5.90106259210351
2208,-5.75350001162717
2209,-5.81099654034162
2210,-5.68335559086195
2211,-5.25475714179788
2212,-5.18757932585027
2213,-5.32265310060539
2214,-5.18295633332714
2215,-4.96142972162601
2216,-5.16523320468673
2217,-5.4057143424804
2218,-5.86500047957979
2219,-5.58813627049601
2220,-5.88707350713006
2221,-5.63265407258271
2222,-5.87598977523537
2223,-5.55607370168596
2224,-5.96707499198177
2225,-7.53100623232442
2226,-6.80326268837367
2227,-5.50737816047054
2228,-4.95157589722919
2229,-4.37677015998995
2230,-5.34477224112929
2231,-6.21008241990553
2232,-5.34468652794864
2233,-5.27890510685834
2234,-5.53454238884273
2235,-6.5584135378156
2236,-6.35740110527278
2237,-8.14960303726467
2238,-7.95910549449691
2239,-9.82178137943853
2240,-10.1047503610509
2241,-5.85687227237602
2242,-6.08913677313286
2243,-5.93931071124958
2244,-4.60523340160105
2245,-4.54833649790088
2246,-4.31892858909898
2247,-5.0182303687408
2248,-4.82539448180581
2249,-4.45006576350872
2250,-4.8488183982572
2251,-4.76068023686721
2252,-4.40054883754692
2253,-5.78904705722017
2254,-7.48784646371572
2255,-7.7638240288614
2256,-5.6274446275883
2257,-6.07193791909965
2258,-5.31452086753635
2259,-6.10313609693869
2260,-5.61652092425071
2261,-6.2649714757484
2262,-6.27689387845901
2263,-6.25554764204152
2264,-9.15443023224047
2265,-4.74374903456444
2266,-5.23907308497899
2267,-6.23865196796175
2268,-5.16138854249481
2269,-4.53308738240861
2270,-5.47297380461492
2271,-5.03937489140625
2272,-4.50287857827101
2273,-4.53865383919289
2274,-4.55120543578563
2275,-4.48906419833322
2276,-6.7551517070473
2277,-6.16627238523557
2278,-5.18665099167383
2279,-7.28753642859289
2280,-5.55613829557098
2281,-5.83335415388594
2282,-7.15358732321707
2283,-6.62622637280517
2284,-6.9892311628055
2285,-6.15830797780737
2286,-6.90889180607824
2287,-6.41461619540806
2288,-4.3133798288688
2289,-5.23084073310383
2290,-5.21371925566032
2291,-5.0925958936117
2292,-5.21783494029841
2293,-4.98279054886517
2294,-5.7169301036854
2295,-6.05838405700233
2296,-6.47905829758763
2297,-6.99244349550608
2298,-4.47646157001799
2299,-5.08780266890705
2300,-5.73652264596722
2301,-6.05187033210586
2302,-5.01612400938197
2303,-5.41070244891588
2304,-5.14144664148168
2305,-3.21351084084761
2306,-5.49337417012918
2307,-6.46265733251704
2308,-4.32914831473176
2309,-7.02620207945792
2310,-5.47578843647117
2311,-5.46500874809466
2312,-5.53351291412566
2313,-5.36443014762581
2314,-6.78248510838447
2315,-6.71560553279356
2316,-6.4207159914684
2317,-6.73365526907823
2318,-5.89637181977428
2319,-6.30259840261675
2320,-5.839903752471
2321,-6.43357391467528
2322,-6.68835873282324
2323,-5.20406177185844
2324,-5.68645221600851
2325,-5.2340244794147
2326,-7.88291883164212
2327,-5.78476652583656
2328,-5.35803909461608
2329,-7.62760641895433
2330,-5.37427425349305
2331,-5.17524785942699
2332,-4.77730225169798
2333,-4.90213201021893
2334,-5.38733657166169
2335,-5.09640069773461
2336,-4.58995304970182
2337,-5.41251952099583
2338,-9.82052274674325
2339,-4.31307238078333
2340,-6.53762146394981
2341,-5.20694841978233
2342,-4.68332727605264
2343,-5.34747479727795
2344,-6.44495498170667
2345,-5.25235753910803
2346,-7.97147179531736
2347,-5.13913728442278
2348,-6.39773699078071
2349,-7.60834663145063
2350,-5.23284364631057
2351,-4.51713335382254
2352,-4.96465406372602
2353,-4.5033539838082
2354,-5.38699535546958
2355,-5.50530129456604
2356,-5.35971150723623
2357,-5.02414086224153
2358,-4.6632104234463
2359,-5.51413657471369
2360,-5.26777502196271
2361,-5.47982744493867
2362,-5.37488782486177
2363,-5.13247287452886
2364,-6.41798453774324
2365,-6.71805286826411
2366,-5.82057558643491
2367,-5.95451156821476
2368,-5.5604549991488
2369,-5.11302315798795
2370,-5.05318039789474
2371,-9.39592614673764
2372,-6.45502955351729
2373,-6.2679389377518
2374,-6.04719002398661
2375,-6.52304045017645
2376,-8.81682037004521
2377,-7.25795765389426
2378,-5.78369407536235
2379,-5.52451893476304
2380,-5.17083940863245
2381,-5.78106014979255
2382,-5.74749872177277
2383,-6.18675233107076
2384,-6.21511286163139
2385,-5.55147961963587
2386,-4.39018103521615
2387,-4.5294194756042
2388,-6.07678100123882
2389,-5.38432496090936
2390,-4.93803956342855
2391,-5.81500553251503
2392,-4.55861235000657
2393,-6.79509977017668
2394,-6.77584756605897
2395,-7.25769735501598
2396,-7.67602279125719
2397,-6.44388457314654
2398,-6.04569812559742
2399,-6.20099486496951
2400,-4.80631293957094
2401,-5.74638616805873
2402,-6.34730092889373
2403,-5.6577074293613
2404,-5.95642823449385
2405,-6.11758085530558
2406,-6.00931753538795
2407,-3.93916209187513
2408,-5.36694857607834
2409,-5.38244072368919
2410,-5.02701118748389
2411,-7.94587621048644
2412,-7.20882065122238
2413,-7.44192728845113
2414,-6.17145650793072
2415,-4.6055943921973
2416,-6.20381471312663
2417,-4.83786634225859
2418,-5.02727480020779
2419,-4.76014233321828
2420,-4.61148869667494
2421,-5.81643492166303
2422,-6.55780112969452
2423,-7.3093122187564
2424,-6.10625724840542
2425,-8.04741979046906
2426,-4.94484789465142
2427,-4.89376120682372
2428,-4.53874295166819
2429,-8.78940939318161
2430,-5.37963617182922
2431,-6.30914898455183
2432,-4.03431527174041
2433,-4.47033715461616
2434,-4.72080529340655
2435,-8.60367596645328
2436,-6.19010361590423
2437,-7.17013671327155
2438,-6.24950267301991
2439,-4.87535434269184
2440,-6.09510635040564
2441,-5.70177753801983
2442,-5.45192174178466
2443,-5.44875013520145
2444,-5.23947637630731
2445,-5.31427563933097
2446,-4.27891977770392
2447,-5.53180051802365
2448,-5.13624523120971
2449,-5.85332191900896
2450,-5.90299468629055
2451,-5.77155004911692
2452,-7.60170783026498
2453,-6.65878202696286
2454,-5.95484898913755
2455,-6.10551658630042
2456,-5.44968501981707
2457,-4.62928021008142
2458,-6.99947751524822
2459,-5.392993364803
2460,-5.04430877665134
2461,-5.11306815061587
2462,-5.12962739986746
2463,-3.66816991325037
2464,-6.81171536274133
2465,-6.21841361109627
2466,-5.21209893152654
2467,-3.62766636564692
2468,-8.30150443835968
2469,-8.53751413100039
2470,-8.17371984724816
2471,-5.2555762525018
2472,-6.56959117748449
2473,-6.76621393755074
2474,-5.74548636813442
2475,-5.82387850138377
2476,-5.29174315458738
2477,-5.9320615150001
2478,-6.61252984311401
2479,-4.50659907365754
2480,-6.45658802524799
2481,-6.45586052173847
2482,-5.09138663539486
2483,-8.30763891914326
2484,-4.54857775359569
2485,-4.91845357378049
2486,-4.52516829438722
2487,-5.22865106460272
2488,-4.37023740903124
2489,-5.49715551036856
2490,-5.54700641168341
2491,-5.67036406334711
2492,-5.98971571294366
2493,-4.95053283915194
2494,-5.25693959347047
2495,-5.35754178097861
2496,-5.56618809656279
2497,-5.98990264579762
2498,-5.70654987766848
2499,-4.45822090229276
2500,-5.6311685188739
2501,-7.10306180418349
2502,-7.42292482302762
2503,-4.00960102528565
2504,-7.98714286061823
2505,-6.53998163463413
2506,-5.40001723737223
2507,-6.2791644637844
2508,-6.35590212540154
2509,-6.8807850379833
2510,-6.27440647403944
2511,-5.26763282146778
2512,-5.01074052618321
2513,-5.74171081025794
2514,-5.02274496014284
2515,-5.16416388155607
2516,-4.95119013716239
2517,-4.86161023656627
2518,-7.19493863028102
2519,-5.84743633312593
2520,-5.22148057216453
2521,-4.75952847531905
2522,-6.2930954271021
2523,-5.7041901223474
2524,-5.20483615637597
2525,-4.58500136581884
2526,-5.58031060715747
2527,-5.06621122388398
2528,-6.06375481372151
2529,-5.67488504304081
2530,-5.08878169129039
2531,-5.91975378656001
2532,-6.67785482636003
2533,-6.49294879293835
2534,-6.41777475334673
2535,-7.19042722784198
2536,-6.01395276986867
2537,-6.77533456639056
2538,-5.80573068590684
2539,-4.72365084879345
2540,-6.94854142764248
2541,-6.1345524910851
2542,-6.2881439323854
2543,-6.06444959776008
2544,-5.94989815796429
2545,-5.78053809882901
2546,-5.71671989008873
2547,-6.58771938637008
2548,-7.07438452407129
2549,-4.61449025208354
2550,-5.70123798254884
2551,-6.2319513356284
2552,-6.99912507664668
2553,-5.66470073890353
2554,-5.60575049924216
2555,-5.16554157151677
2556,-5.16903553802637
2557,-4.71862761544791
2558,-4.58347652490405
2559,-6.11989043283549
2560,-5.88080992786655
2561,-5.54686918084572
2562,-5.14849019133165
2563,-5.53066362489089
2564,-4.36189141112648
2565,-4.67074598465814
2566,-5.84451311471836
2567,-5.67657292151733
2568,-6.33327806468473
2569,-7.76370774120495
2570,-4.82468787081603
2571,-5.05065470838721
2572,-6.29848869646069
2573,-6.24014443685769
2574,-5.87679318012537
2575,-5.71219386789773
2576,-5.63700449889527
2577,-5.90957994702083
2578,-5.62772474416919
2579,-8.330054586877
2580,-7.43824912038314
2581,-8.08074738886496
2582,-5.86630721703923
2583,-5.40558736755887
2584,-5.45415564813526
2585,-5.86008752246466
2586,-5.22291030222389
2587,-4.75533045481628
2588,-4.35528108797795
2589,-5.25899616136986
2590,-5.49818813107545
2591,-6.1268300164463
2592,-6.15062464277482
2593,-7.71969898538915
2594,-7.97516501475776
2595,-6.76951387910317
2596,-7.05674886244608
2597,-6.34993662358884
2598,-5.54492291951605
2599,-5.62432738270431
2600,-5.35213649065749
2601,-6.53585800358882
2602,-5.40306580363313
2603,-5.02365356221459
2604,-4.02692797543613
2605,-4.37535029274952
2606,-5.01916234298359
2607,-5.02303096474223
2608,-6.12119528965922
2609,-7.83285349244558
2610,-7.24654642478255
2611,-6.30678214453234
2612,-5.14261526968684
2613,-4.95354515202897
2614,-4.92980300011714
2615,-4.81169369502176
2616,-7.01949746802152
2617,-5.13510627409245
2618,-4.91198177509659
2619,-4.61992275235878
2620,-6.848522424556
2621,-6.68652933401311
2622,-6.42550283252274
2623,-6.04794117045127
2624,-5.45731970879258
2625,-6.25533344120145
2626,-5.26827363856541
2627,-5.40754439658489
2628,-6.7488122494015
2629,-6.12847724591492
2630,-5.22092951463144
2631,-8.91281887050258
2632,-6.42435372999193
2633,-5.36332691583603
2634,-4.72717909764189
2635,-6.60698802988808
2636,-5.93140596099404
2637,-5.00311586167775
2638,-5.55986589596907
2639,-6.10036622667838
2640,-4.43752169977121
2641,-6.20391545215248
2642,-5.5626531497339
2643,-5.19836666815495
2644,-5.74646829290509
2645,-6.46934816101007
2646,-6.08127914248964
2647,-5.11494670811619
2648,-5.7582487741214
2649,-5.55130200841569
2650,-6.10868099084308
2651,-5.69782918906563
2652,-6.67648941842181
2653,-5.07856601199662
2654,-6.34226559299573
2655,-6.67171076188966
2656,-6.48192688246228
2657,-6.05892771746734
2658,-6.98219851531936
2659,-4.39249179439527
2660,-4.90397493949325
2661,-4.64759268862795
2662,-5.17244208040872
2663,-5.05516841703981
2664,-4.11571843178789
2665,-4.77276487079641
2666,-8.24944593824544
2667,-7.95379453299912
2668,-5.38536011536931
2669,-4.85341377924043
2670,-6.72139921057517
2671,-6.13986422696708
2672,-5.27205300445332
2673,-9.07528945333412
2674,-6.37223052500827
2675,-5.25718558145443
2676,-5.62543586049119
2677,-4.74933720538077
2678,-4.49412916185879
2679,-5.48266698245374
2680,-4.71860710448734
2681,-4.75474536903118
2682,-5.60405635042983
2683,-6.03511157893349
2684,-5.28296474142778
2685,-6.2044963487081
2686,-6.5462523034857
2687,-6.53998654435786
2688,-3.76299516545647
2689,-5.39812561312274
2690,-3.04245737323027
2691,-5.19788469063062
2692,-6.31679969106816
2693,-5.15279889998831
2694,-4.79508511672607
2695,-5.06445607997254
2696,-6.10565814873824
2697,-3.72604374162983
2698,-4.70142536308741
2699,-4.35870884123621
2700,-5.18353470248226
2701,-6.63657503672073
2702,-5.35190973222377
2703,-4.99883569637361
2704,-5.88590903893354
2705,-5.35738759604738
2706,-5.82968633634523
2707,-5.30354202468674
2708,-6.30825709857959
2709,-6.30523148631966
2710,-6.31057154329102
2711,-6.29978364389801
2712,-5.14314179390162
2713,-4.7593447170949
2714,-5.74598348396442
2715,-5.56874156871725
2716,-5.09903224361949
2717,-10.5753853371138
2718,-10.5416362054149
2719,-7.34523033162091
2720,-7.23573561489595
2721,-3.90009812836832
2722,-5.89189840509203
2723,-5.73060322242038
2724,-5.33618276528189
2725,-5.71433632951279
2726,-5.33096221538922
2727,-5.70547584904832
2728,-5.95095410202622
2729,-5.31984518742969
2730,-5.28129943299029
2731,-4.87919974989741
2732,-5.14425190754279
2733,-7.21505390641819
2734,-8.01223774616087
2735,-7.09697033905301
2736,-6.61320246725413
2737,-6.73848366890002
2738,-6.54542192644162
2739,-3.98758400107135
2740,-6.36938177639771
2741,-5.82763122345361
2742,-8.17826072118448
2743,-6.51302151707436
2744,-6.28745247450361
2745,-5.95234097190943
2746,-5.86115381406309
2747,-5.29267078153043
2748,-5.63810853279705
2749,-5.67727598322136
2750,-5.46717354545523
2751,-5.01415656079619
2752,-5.27319139989877
2753,-6.12642725664763
2754,-4.46108916287907
2755,-6.00356313425098
2756,-5.3298324321733
2757,-5.74563373686928
2758,-5.21321596092405
2759,-4.73048604250982
2760,-5.58921632336655
2761,-6.11228355293077
2762,-5.45913000756976
2763,-5.54190054949959
2764,-5.62758611367675
2765,-7.31768026253128
2766,-5.00901038380018
2767,-4.58862320890327
2768,-4.38778118017987
2769,-5.90342277090394
2770,-5.00290658376317
2771,-4.44792091379826
2772,-5.08839779983407
2773,-5.75003366307468
2774,-6.02781433972201
2775,-6.05860776357806
2776,-5.48728349419784
2777,-5.34528872819378
2778,-5.43531427464369
2779,-5.35577427288721
2780,-9.02309699020596
2781,-5.26790041409053
2782,-5.30336623453176
2783,-5.2529986627913
2784,-5.2464804593446
2785,-7.82956734172308
2786,-6.54277691536408
2787,-7.11462719239416
2788,-4.27075432442787
2789,-5.65512004401929
2790,-5.41288927671653
2791,-6.52249436194704
2792,-6.75995683152922
2793,-6.18201354268299
2794,-6.13402018376431
2795,-6.6811428587092
2796,-6.58921076004439
2797,-6.3487882413543
2798,-5.95642712372749
2799,-5.83372971919304
2800,-7.15355998361487
2801,-6.86671840527657
2802,-6.82040871992108
2803,-6.56398415048084
2804,-6.01521211679357
2805,-5.93456678949296
2806,-3.16061962276763
2807,-4.45372425251649
2808,-5.35743316269978
2809,-6.59420094534832
2810,-6.27926427147843
2811,-6.37168921833862
2812,-4.91743157267343
2813,-5.47949683966326
2814,-7.56126046783438
2815,-6.51444007481114
2816,-4.88590106077921
2817,-4.23904109723769
2818,-6.23664915239038
2819,-6.3277703367956
2820,-6.17156811526773
2821,-5.70830072837701
2822,-5.54280028369429
2823,-5.33541488636993
2824,-5.64480218772544
2825,-6.07589855404928
2826,-6.04147462193844
2827,-6.15874301964623
2828,-5.29206508439083
2829,-4.76126832716503
2830,-5.68599002318187
2831,-5.80134238644928
2832,-6.20838211099612
2833,-5.57112613806326
2834,-6.57820355059664
2835,-6.0532345786541
2836,-4.81668227482709
2837,-8.07882252783826
2838,-5.09797879831445
2839,-5.45095655136447
2840,-6.73793077965557
2841,-6.47476214526529
2842,-6.8887943559968
2843,-4.86686279489089
2844,-6.08528234398978
2845,-6.63890278062481
2846,-7.38061724063153
2847,-7.95086225231846
2848,-5.3825286890506
2849,-5.81600363152955
2850,-5.61774146087758
2851,-5.47693424007502
2852,-5.51198509937289
2853,-5.95178080364812
2854,-7.41572657153294
2855,-6.82916113201603
2856,-6.21039662160075
2857,-5.12572235469116
2858,-5.13789024162504
2859,-4.95901904375035
2860,-6.39160589005155
2861,-6.91373571649651
2862,-6.18279164476786
2863,-6.73798335806536
2864,-6.73884199547527
2865,-6.18302795346684
2866,-5.37455973114179
2867,-6.07114190181364
2868,-5.67266990200105
2869,-6.5234285441924
2870,-5.70390080678299
2871,-5.05201146411318
2872,-4.60423534312703
2873,-5.2572636165214
2874,-5.13700183871766
2875,-5.32202094878755
2876,-5.3327965876658
2877,-4.94900438904925
2878,-5.43563523593673
2879,-5.35720616953869
2880,-5.0066291426661
2881,-4.62009309857489
2882,-5.03996131042625
2883,-4.84576236512454
2884,-5.34356789143057
2885,-4.68852277266871
2886,-5.82557194012934
2887,-5.79218609123895
2888,-5.15789897384605
2889,-5.10027986213037
2890,-6.10002504109416
2891,-5.41400144361331
2892,-6.17876099862601
2893,-5.96801858884054
2894,-4.91131168742484
2895,-5.10635996487109
2896,-5.46424922928587
2897,-4.83854803217808
2898,-5.64386755599037
2899,-6.16832957872656
2900,-5.68059159884612
2901,-4.9292206945259
2902,-6.15604313264981
2903,-6.04066499379259
2904,-5.64881613837988
2905,-5.59872543517983
2906,-6.04753109263358
2907,-5.84171530514396
2908,-5.56138543498495
2909,-5.78758555204096
2910,-5.86940094763443
2911,-4.9324855982407
2912,-7.25548238158119
2913,-6.26791742975861
2914,-7.89467625759851
2915,-8.18432375982675
2916,-7.1424505134015
2917,-10.4574674874019
2918,-5.72707437217217
2919,-7.1731361361648
2920,-7.43529155546344
2921,-8.37726070316442
2922,-8.04484615326765
2923,-9.79793012995262
2924,-9.8924677970437
2925,-6.22520490191716
2926,-6.27952340489032
2927,-5.10395945618859
2928,-5.48427350064956
2929,-5.97357187539537
2930,-5.04207396854345
2931,-5.38008333249051
2932,-4.67748107031111
2933,-5.57363390265065
2934,-4.99152139277664
2935,-5.14252536461948
2936,-7.93780976512025
2937,-6.02461203016301
2938,-6.15768549798255
2939,-5.70497139700131
2940,-6.29902333921175
2941,-6.43794292695628
2942,-4.43043508281656
2943,-7.23883571630541
2944,-4.62897698065981
2945,-5.24165274318263
2946,-4.88478045690852
2947,-4.56908051754557
2948,-6.2377506533962
2949,-5.96830204740228
2950,-5.58580936732248
2951,-5.16190879131211
2952,-5.1691499912271
2953,-5.38856750687291
2954,-6.04271463252992
2955,-5.38988296327248
2956,-5.03812463123219
2957,-5.55547381431262
2958,-6.01872247497555
2959,-5.63161377434474
2960,-7.75708193154141
2961,-6.5061808740341
2962,-5.849081636268
2963,-6.11892352911821
2964,-5.35067973169834
2965,-6.38349187798551
2966,-5.92069822656087
2967,-5.0674898637775
2968,-4.56840750665394
2969,-5.25675345639415
2970,-5.81161870339848
2971,-5.51784261811099
2972,-3.60544002496597
2973,-6.57195149215703
2974,-6.15999084265331
2975,-8.09952215134988
2976,-5.60806739094017
2977,-6.23660293104508
2978,-4.21378910376886
2979,-4.25841354250836
2980,-4.07744840549007
2981,-5.03047168985104
2982,-4.65413560471326
2983,-4.24510741833103
2984,-5.34615479948447
2985,-3.35706362014024
2986,-3.69923138066396
2987,-8.00040563148827
2988,-5.66787555915317
2989,-6.81797485769196
2990,-5.85948705074608
2991,-5.54992979280328
2992,-5.55622732807488
2993,-4.94560202299854
2994,-5.16391768020227
2995,-3.56184389839701
2996,-7.38254260317476
2997,-5.99881726941023
2998,-6.64098682078953
2999,-5.50193396617101
3000,-5.23200225561384
3001,-4.20389705402834
3002,-4.21136541882662
3003,-5.6882259407581
3004,-6.13149693245112
3005,-5.12590395585941
3006,-5.22218630733402
3007,-5.62139270996123
3008,-5.1367365318896
3009,-7.17396548115672
3010,-6.16467007608373
3011,-4.10643734611036
3012,-4.66945268828926
3013,-7.90270494604528
3014,-7.00830248625231
3015,-6.71635899285629
3016,-5.87657985446693
3017,-7.30286775947352
3018,-5.96485452415337
3019,-5.75119905189423
3020,-5.69379643066456
3021,-5.19550778637471
3022,-5.42867078448614
3023,-5.24078383389105
3024,-4.96329611151526
3025,-4.62999112313808
3026,-4.50855940800233
3027,-6.31580752179138
3028,-5.44350317787239
3029,-7.17794024970917
3030,-5.9176650844917
3031,-7.12138525455643
3032,-8.88619107598615
3033,-1.55981722167733
3034,-1.65100403762604
3035,-3.53131461166834
3036,-6.33657265986822
3037,-5.77426479983985
3038,-5.0620965817579
3039,-4.82577332001423
3040,-5.5364883360501
3041,-5.4035293449021
3042,-5.84301835363307
3043,-4.97282837052974
3044,-4.91951324279718
3045,-4.54378394249522
3046,-5.16376344940596
3047,-5.68782747356126
3048,-5.23461891887372
3049,-4.72535706725456
3050,-4.91672764583384
3051,-4.53358252891292
3052,-5.87085589454033
3053,-6.28086881759672
3054,-6.13888146640824
3055,-5.73978256541392
3056,-8.10767460073076
3057,-6.08391927199799
3058,-5.60528221828882
3059,-5.80899032223953
3060,-5.36285535132808
3061,-6.87652130567231
3062,-5.52553386909528
3063,-6.24045308856831
3064,-5.68465180841248
3065,-6.18112006776281
3066,-7.14365831200986
3067,-6.47039730999953
3068,-4.78653560542277
3069,-7.13182176315684
3070,-6.39401837762257
3071,-6.20536062426786
3072,-4.28442892564425
3073,-6.07890004081498
3074,-7.45710594152618
3075,-4.88255610609676
3076,-4.64690709973371
3077,-5.26470296574163
3078,-4.74435901182884
3079,-4.33309040005552
3080,-4.33765314564551
3081,-4.47915451222447
3082,-4.26646346390576
3083,-4.95717788280298
3084,-5.67364543472965
3085,-5.06517389179035
3086,-5.4064060499251
3087,-5.65801920741477
3088,-5.12401106204048
3089,-5.78489744028624
3090,-5.33003153551695
3091,-5.56399575983889
3092,-4.67514716095441
3093,-5.13564320628766
3094,-6.93226953826861
3095,-5.47088444239391
3096,-4.71294194936439
3097,-5.94597511033792
3098,-4.95442640700734
3099,-1.88563003378711
3100,-4.23036417676471
3101,-5.55568100413583
3102,-7.42255473409441
3103,-7.63764308505159
3104,-6.20400676635949
3105,-6.14533529341046
3106,-5.91422659905113
3107,-5.58573374389913
3108,-4.35703262204133
3109,-5.99006649888341
3110,-6.00897127453329
3111,-5.60851302254605
3112,-5.74442253390318
3113,-5.48103075738069
3114,-5.32397706078186
3115,-5.04542984983618
3116,-5.28862463133732
3117,-4.66860270351564
3118,-6.19130935427871
3119,-6.65973381947807
3120,-5.35802900902919
3121,-5.62594118058351
3122,-7.12678255414969
3123,-5.05983658381785
3124,-7.42219299613416
3125,-6.4869049100255
3126,-5.86901406035013
3127,-5.23707574124583
3128,-6.93615654953608
3129,-3.82915194957437
3130,-4.9052758249337
3131,-5.40412114255368
3132,-5.33709968357624
3133,-4.15085582167548
3134,-5.92737894108115
3135,-6.10910613146692
3136,-4.51715763224915
3137,-6.44237381635898
3138,-5.21015016241437
3139,-7.9996820392486
3140,-5.14984496795761
3141,-6.02244201922855
3142,-5.37342258935323
3143,-7.72301693649838
3144,-9.9490175209991
3145,-7.91700335188508
3146,-7.2379090097473
3147,-7.22533397645696
3148,-6.94899794674779
3149,-8.24902170266453
3150,-8.04468751301255
3151,-8.03713897337908
3152,-9.81506505944841
3153,-8.22903827373596
3154,-6.73272965357645
3155,-6.56102522956733
3156,-5.23751140415371
3157,-5.32786363798025
3158,-6.14332479406647
3159,-5.36383231069097
3160,-5.33126380568194
3161,-6.45489636661361
3162,-4.77094875727986
3163,-4.16697303352105
3164,-7.00170286014046
3165,-8.44787760822468
3166,-5.71681883761252
3167,-6.86568252064297
3168,-5.19961563548679
3169,-5.485078092498
3170,-4.7792281796195
3171,-5.10652714378839
3172,-3.95397677308242
3173,-4.35925756993896
3174,-6.66941613391386
3175,-5.81155130855894
3176,-5.36998896341171
3177,-5.27955977241291
3178,-4.65495108688546
3179,-7.18655387426298
3180,-7.08799440463518
3181,-6.34046701965958
3182,-5.46338410092544
3183,-8.4915384187472
3184,-7.55143826671257
3185,-4.92837510021695
3186,-5.16746450578904
3187,-4.9707529789919
3188,-6.35494329223406
3189,-5.13645120528495
3190,-4.78043005425073
3191,-6.12436250619994
3192,-4.90444647001947
3193,-7.26191683010029
3194,-5.49235977565374
3195,-5.08916372487309
3196,-5.40646555767498
3197,-7.03160829755335
3198,-6.1544216447391
3199,-4.14276606662519
3200,-4.92894053159754
3201,-4.33010612247918
3202,-4.5424355591084
3203,-5.75545944384613
3204,-5.70531704152246
3205,-5.35365538206345
3206,-6.5541616419958
3207,-7.83418429729859
3208,-6.40357919425787
3209,-5.43502985651242
3210,-5.57897164869406
3211,-6.48431362208438
3212,-5.0096677672698
3213,-5.4244388824782
3214,-5.28101719680918
3215,-7.11248480731701
3216,-7.64198542377131
3217,-8.58285106593658
3218,-8.0043048484253
3219,-6.68377883002454
3220,-5.72241039618456
3221,-5.04474602852239
3222,-4.51177193009464
3223,-6.0426463104781
3224,-6.33087788755205
3225,-5.86015767853015
3226,-5.47986306890108
3227,-6.40133544637105
3228,-5.64658743837407
3229,-5.96394186153787
3230,-6.13717267716536
3231,-5.55170518484303
3232,-5.87609217779831
3233,-5.91886365075713
3234,-5.98206798113919
3235,-5.38658176692834
3236,-5.05247000799738
3237,-4.19596456426611
3238,-5.72680174088883
3239,-5.87059292459702
3240,-6.3053737484772
3241,-7.22032055763045
3242,-7.59777430818016
3243,-6.12848223285181
3244,-6.70540610492191
3245,-5.74475660847674
3246,-4.9922486742035
3247,-4.77492848585538
3248,-5.61186942727682
3249,-4.97412979782971
3250,-4.53748204306366
3251,-5.91123349804028
3252,-8.50674609550919
3253,-6.53584485416337
3254,-6.26020856020915
3255,-6.40292637423446
3256,-5.7971307321468
3257,-8.78429958529464
3258,-8.76074737746545
3259,-8.76916439342078
3260,-6.89158747240107
3261,-3.49052588274725
3262,-5.83086568018284
3263,-6.64223743320915
3264,-5.72190349409274
3265,-5.91484137883891
3266,-6.5614607564903
3267,-5.44927983541195
3268,-4.68435219049171
3269,-4.12948803294076
3270,-4.30140484766351
3271,-5.9893983169502
3272,-5.95774567824004
3273,-5.69912465373344
3274,-5.65620779318387
3275,-5.72808715408717
3276,-5.7632950756244
3277,-6.723092297669
3278,-8.29837065074782
3279,-6.2438902025003
3280,-6.49005689405398
3281,-6.0865918738324
3282,-6.02617826649412
3283,-6.7441814051636
3284,-7.66184949021198
3285,-10.2459284881709
3286,-5.70811180429145
3287,-6.4499461019917
3288,-6.72850324581857
3289,-5.95934685285063
3290,-6.82273292797022
3291,-6.38691965550927
3292,-5.76371691205233
3293,-5.41252555205167
3294,-4.92237721307629
3295,-5.99788483714961
3296,-5.36602699977371
3297,-4.96668644708004
3298,-4.63584187718813
3299,-4.6293470111592
3300,-3.77578208452535
3301,-5.97033135611723
3302,-5.71492787008701
3303,-6.01313618166391
3304,-5.23009983753559
3305,-5.02815661434501
3306,-4.74118944574986
3307,-5.49379667882177
3308,-5.1301219459235
3309,-4.66373713296138
3310,-6.66171110564024
3311,-6.69797843164916
3312,-6.14449099192452
3313,-5.69594991453221
3314,-6.31230174648182
3315,-7.70562637489444
3316,-7.22895097476494
3317,-6.40820856465316
3318,-7.14464244700207
3319,-7.17935210925162
3320,-6.44035408559652
3321,-6.33863404544591
3322,-8.19896986843756
3323,-7.64532536248592
3324,-5.83214356507676
3325,-4.66199310346935
3326,-6.0252270952489
3327,-6.77628412478932
3328,-5.7034482229567
3329,-5.74112168941476
3330,-6.09463598246863
3331,-5.89055622380796
3332,-5.0531824754808
3333,-6.70630368915065
3334,-6.55805763473181
3335,-6.21941323616574
3336,-5.99081068008285
3337,-6.71488807482354
3338,-5.5606171774986
3339,-6.93561306472616
3340,-7.16040455834604
3341,-6.88728105058019
3342,-6.36015621513518
3343,-6.33208897290043
3344,-6.95170901797318
3345,-6.80492663662613
3346,-6.11334704248257
3347,-6.18468320673091
3348,-5.88207961577768
3349,-4.61533710354457
3350,-4.01300272938018
3351,-4.82859430627541
3352,-4.37784677232936
3353,-4.64281431219384
3354,-5.00622994638167
3355,-7.03088533671592
3356,-6.56378873910183
3357,-5.57680458913705
3358,-5.18910787633119
3359,-5.84219081833624
3360,-6.44376715183935
3361,-5.03799700870033
3362,-5.09454153718059
3363,-5.49090401976
3364,-5.91981503766843
3365,-5.48179308706254
3366,-4.6446746184061
3367,-5.49700142130008
3368,-5.06687375373532
3369,-6.95449774467972
3370,-6.29086277070842
3371,-5.45205725371677
3372,-5.01691217110076
3373,-7.32482321990591
3374,-6.40154263045296
3375,-6.15272300199939
3376,-6.50434573585105
3377,-4.83906361139123
3378,-6.43931610358383
3379,-5.76039179127366
3380,-4.93428689738833
3381,-6.42191612548369
3382,-5.71985219130956
3383,-7.17693450358769
3384,-5.19970218832925
3385,-3.97281450185105
3386,-6.10494681579754
3387,-4.37013694242057
3388,-5.88783783003092
3389,-4.73388885162983
3390,-5.04100032820877
3391,-6.72823517125798
3392,-6.32087527722016
3393,-5.72919269309455
3394,-3.97225369003117
3395,-6.5237921636835
3396,-5.60032812194716
3397,-4.37688389986119
3398,-5.47540805927879
3399,-5.1042361619412
3400,-5.97998455482207
3401,-6.66681869603359
3402,-7.94342212168199
3403,-6.6834243883006
3404,-5.10947770053263
3405,-5.1122380877668
3406,-4.96042553644423
3407,-4.56954491057842
3408,-4.53958187313833
3409,-6.06181782744579
3410,-6.1298767230997
3411,-6.18491047663472
3412,-4.78035965551119
3413,-4.99974523183138
3414,-4.68308187571628
3415,-5.58759850806126
3416,-4.95213301290251
3417,-4.7736668140406
3418,-5.32946777557099
3419,-7.0097144078387
3420,-7.80217179039772
3421,-8.20727766403479
3422,-10.2564391348713
3423,-5.92753921349377
3424,-6.05809592770956
3425,-4.92178453857989
3426,-6.52955588135856
3427,-7.10149358090477
3428,-6.23251723923681
3429,-5.7916534446887
3430,-5.64094868453715
3431,-6.24635268022981
3432,-7.16785397016005
3433,-3.67877431970939
3434,-7.43041553126391
3435,-3.42198902793921
3436,-5.98215149635192
3437,-5.16921569617109
3438,-6.51906522105922
3439,-6.11060927464636
3440,-5.81851741337477
3441,-6.12537229906747
3442,-6.16661471672376
3443,-6.66916138114887
3444,-6.35940468376955
3445,-6.42499658084395
3446,-8.39464644406234
3447,-8.86772245556407
3448,-8.66908185940436
3449,-4.38601389500735
3450,-6.3461410938955
3451,-5.49569260501143
3452,-5.29469044454315
3453,-5.85784069728098
3454,-7.65149715930724
3455,-8.19049498082618
3456,-4.76105851186533
3457,-5.17865349170079
3458,-4.56132297092502
3459,-6.59938266671019
3460,-5.79612838761764
3461,-5.14248587906534
3462,-7.57825121561841
3463,-4.90375645584678
3464,-6.36481696449384
3465,-7.2940020806837
3466,-6.22685497351447
3467,-5.03461910885237
3468,-5.19160857062035
3469,-5.51602756508753
3470,-5.05090974188435
3471,-4.21960377559082
3472,-7.95611504467918
3473,-6.39526128733406
3474,-5.98278423802486
3475,-7.81266901517143
3476,-4.63551789130691
3477,-5.29564562186614
3478,-5.32801220620355
3479,-5.21977261808655
3480,-6.76677337655448
3481,-6.14016384424724
3482,-5.18604895088684
3483,-5.89763872500487
3484,-5.86101842697455
3485,-5.47406223174048
3486,-5.40146267240458
3487,-7.19475609549479
3488,-5.86488710870485
3489,-5.40515425711587
3490,-5.097679872783
3491,-5.37518196466387
3492,-6.84691680895448
3493,-6.68767656758518
3494,-4.61108965476018
3495,-4.83970482120655
3496,-5.19400070567428
3497,-5.18362053728683
3498,-4.8414766405842
3499,-5.01827324031511
3500,-6.04334787790234
3501,-5.44786931922715
3502,-6.21230613299969
3503,-5.9848880280744
3504,-5.48598389127427
3505,-6.74519386667101
3506,-6.10313931906924
3507,-6.12954016801102
3508,-5.4624661067901
